x,y
-2.0287,3.7151
-2.0375,3.7153
-2.0458,3.7144
-2.0537,3.7123
-2.0613,3.7091
-2.0685,3.7048
-2.0755,3.6994
-2.0823,3.6931
-2.0888,3.6857
-2.0953,3.6773
-2.1016,3.6680
-2.1079,3.6578
-2.1143,3.6466
-2.1206,3.6347
-2.1271,3.6218
-2.1338,3.6082
-2.1406,3.5938
-2.1477,3.5786
-2.1550,3.5627
-2.1627,3.5461
-2.1708,3.5288
-2.1793,3.5109
-2.1883,3.4923
-2.1979,3.4732
-2.2080,3.4535
-2.2186,3.4332
-2.2298,3.4124
-2.2416,3.3911
-2.2539,3.3693
-2.2667,3.3469
-2.2800,3.3241
-2.2938,3.3008
-2.3081,3.2770
-2.3229,3.2528
-2.3381,3.2281
-2.3537,3.2030
-2.3698,3.1775
-2.3862,3.1516
-2.4031,3.1252
-2.4204,3.0985
-2.4380,3.0714
-2.4560,3.0439
-2.4743,3.0161
-2.4930,2.9879
-2.5119,2.9594
-2.5312,2.9306
-2.5508,2.9015
-2.5706,2.8721
-2.5908,2.8424
-2.6111,2.8124
-2.6317,2.7821
-2.6525,2.7516
-2.6735,2.7208
-2.6947,2.6898
-2.7160,2.6585
-2.7375,2.6269
-2.7591,2.5951
-2.7807,2.5631
-2.8025,2.5308
-2.8243,2.4983
-2.8462,2.4656
-2.8680,2.4326
-2.8899,2.3994
-2.9118,2.3660
-2.9336,2.3324
-2.9554,2.2986
-2.9771,2.2646
-2.9987,2.2304
-3.0203,2.1960
-3.0416,2.1614
-3.0629,2.1266
-3.0840,2.0917
-3.1049,2.0565
-3.1256,2.0212
-3.1460,1.9858
-3.1663,1.9501
-3.1863,1.9143
-3.2060,1.8784
-3.2254,1.8423
-3.2445,1.8061
-3.2632,1.7697
-3.2816,1.7332
-3.2997,1.6966
-3.3173,1.6598
-3.3345,1.6229
-3.3514,1.5859
-3.3677,1.5488
-3.3836,1.5116
-3.3991,1.4743
-3.4140,1.4369
-3.4284,1.3994
-3.4422,1.3617
-3.4555,1.3241
-3.4683,1.2863
-3.4804,1.2484
-3.4919,1.2105
-3.5028,1.1725
-3.5131,1.1345
-3.5226,1.0964
-3.5315,1.0582
-3.5397,1.0200
-3.5471,0.9817
-3.5539,0.9434
-3.5599,0.9051
-3.5652,0.8667
-3.5699,0.8282
-3.5739,0.7897
-3.5772,0.7512
-3.5799,0.7126
-3.5819,0.6740
-3.5833,0.6354
-3.5841,0.5967
-3.5843,0.5580
-3.5838,0.5192
-3.5828,0.4804
-3.5812,0.4415
-3.5790,0.4026
-3.5763,0.3637
-3.5730,0.3248
-3.5692,0.2858
-3.5648,0.2467
-3.5599,0.2077
-3.5545,0.1686
-3.5487,0.1294
-3.5423,0.0903
-3.5354,0.0511
-3.5281,0.0118
-3.5203,-0.0274
-3.5120,-0.0667
-3.5033,-0.1060
-3.4942,-0.1454
-3.4847,-0.1848
-3.4747,-0.2242
-3.4644,-0.2636
-3.4536,-0.3031
-3.4425,-0.3426
-3.4310,-0.3821
-3.4192,-0.4217
-3.4070,-0.4612
-3.3944,-0.5008
-3.3815,-0.5405
-3.3683,-0.5801
-3.3548,-0.6198
-3.3410,-0.6595
-3.3269,-0.6992
-3.3126,-0.7389
-3.2979,-0.7787
-3.2830,-0.8184
-3.2679,-0.8582
-3.2525,-0.8980
-3.2369,-0.9379
-3.2210,-0.9777
-3.2050,-1.0176
-3.1887,-1.0575
-3.1723,-1.0974
-3.1557,-1.1373
-3.1389,-1.1772
-3.1219,-1.2172
-3.1048,-1.2572
-3.0876,-1.2971
-3.0702,-1.3371
-3.0528,-1.3771
-3.0352,-1.4171
-3.0175,-1.4572
-2.9997,-1.4972
-2.9818,-1.5372
-2.9639,-1.5773
-2.9459,-1.6174
-2.9279,-1.6574
-2.9098,-1.6975
-2.8917,-1.7376
-2.8736,-1.7777
-2.8555,-1.8178
-2.8374,-1.8579
-2.8192,-1.8980
-2.8012,-1.9381
-2.7831,-1.9783
-2.7651,-2.0184
-2.7471,-2.0585
-2.7292,-2.0987
-2.7114,-2.1388
-2.6936,-2.1789
-2.6760,-2.2191
-2.6584,-2.2592
-2.6410,-2.2993
-2.6237,-2.3395
-2.6065,-2.3796
-2.5894,-2.4197
-2.5725,-2.4599
-2.5558,-2.5000
-2.5392,-2.5401
-2.5229,-2.5802
-2.5067,-2.6203
-2.4907,-2.6604
-2.4749,-2.7005
-2.4594,-2.7406
-2.4441,-2.7807
-2.4290,-2.8208
-2.4142,-2.8609
-2.3997,-2.9009
-2.3854,-2.9410
-2.3714,-2.9810
-2.3577,-3.0211
-2.3443,-3.0611
-2.3312,-3.1011
-2.3184,-3.1411
-2.3059,-3.1811
-2.2937,-3.2210
-2.2819,-3.2609
-2.2704,-3.3009
-2.2592,-3.3407
-2.2484,-3.3806
-2.2379,-3.4204
-2.2278,-3.4603
-2.2181,-3.5000
-2.2087,-3.5398
-2.1997,-3.5795
-2.1911,-3.6192
-2.1829,-3.6588
-2.1750,-3.6984
-2.1676,-3.7380
-2.1606,-3.7776
-2.1540,-3.8170
-2.1478,-3.8565
-2.1420,-3.8959
-2.1367,-3.9353
-2.1318,-3.9746
-2.1274,-4.0138
-2.1234,-4.0531
-2.1198,-4.0922
-2.1168,-4.1313
-2.1142,-4.1704
-2.1120,-4.2094
-2.1104,-4.2483
-2.1092,-4.2872
-2.1086,-4.3260
-2.1084,-4.3648
-2.1088,-4.4035
-2.1096,-4.4421
-2.1110,-4.4807
-2.1129,-4.5192
-2.1153,-4.5576
-2.1183,-4.5960
-2.1218,-4.6343
-2.1259,-4.6725
-2.1305,-4.7106
-2.1357,-4.7487
-2.1415,-4.7866
-2.1478,-4.8245
-2.1548,-4.8624
-2.1623,-4.9001
-2.1704,-4.9377
-2.1790,-4.9753
-2.1882,-5.0128
-2.1980,-5.0503
-2.2083,-5.0876
-2.2191,-5.1249
-2.2305,-5.1622
-2.2423,-5.1994
-2.2547,-5.2365
-2.2675,-5.2736
-2.2808,-5.3107
-2.2945,-5.3477
-2.3087,-5.3846
-2.3234,-5.4216
-2.3384,-5.4585
-2.3539,-5.4953
-2.3698,-5.5322
-2.3861,-5.5690
-2.4027,-5.6058
-2.4198,-5.6426
-2.4372,-5.6794
-2.4549,-5.7162
-2.4730,-5.7530
-2.4914,-5.7898
-2.5101,-5.8266
-2.5291,-5.8634
-2.5485,-5.9002
-2.5681,-5.9370
-2.5879,-5.9739
-2.6081,-6.0107
-2.6285,-6.0476
-2.6491,-6.0845
-2.6699,-6.1215
-2.6910,-6.1585
-2.7123,-6.1955
-2.7338,-6.2326
-2.7554,-6.2697
-2.7772,-6.3069
-2.7992,-6.3441
-2.8214,-6.3814
-2.8437,-6.4188
-2.8661,-6.4562
-2.8886,-6.4937
-2.9112,-6.5313
-2.9340,-6.5689
-2.9568,-6.6066
-2.9796,-6.6444
-3.0026,-6.6823
-3.0256,-6.7203
-3.0486,-6.7583
-3.0717,-6.7965
-3.0948,-6.8348
-3.1179,-6.8731
-3.1410,-6.9116
-3.1640,-6.9502
-3.1870,-6.9888
-3.2099,-7.0276
-3.2326,-7.0664
-3.2553,-7.1053
-3.2777,-7.1442
-3.3000,-7.1832
-3.3220,-7.2222
-3.3438,-7.2613
-3.3653,-7.3004
-3.3865,-7.3396
-3.4074,-7.3787
-3.4279,-7.4179
-3.4481,-7.4571
-3.4678,-7.4962
-3.4871,-7.5354
-3.5059,-7.5745
-3.5243,-7.6137
-3.5421,-7.6528
-3.5594,-7.6918
-3.5761,-7.7308
-3.5923,-7.7698
-3.6078,-7.8087
-3.6227,-7.8475
-3.6369,-7.8863
-3.6504,-7.9249
-3.6631,-7.9635
-3.6752,-8.0020
-3.6864,-8.0404
-3.6968,-8.0787
-3.7064,-8.1169
-3.7152,-8.1550
-3.7231,-8.1929
-3.7300,-8.2307
-3.7360,-8.2683
-3.7411,-8.3058
-3.7451,-8.3432
-3.7482,-8.3803
-3.7502,-8.4174
-3.7511,-8.4542
-3.7510,-8.4908
-3.7497,-8.5273
-3.7473,-8.5635
-3.7437,-8.5996
-3.7389,-8.6354
-3.7328,-8.6710
-3.7255,-8.7064
-3.7170,-8.7416
-3.7071,-8.7765
-3.6959,-8.8112
-3.6833,-8.8456
-3.6694,-8.8797
-3.6541,-8.9136
-3.6375,-8.9472
-3.6196,-8.9805
-3.6004,-9.0134
-3.5801,-9.0461
-3.5585,-9.0783
-3.5359,-9.1103
-3.5121,-9.1418
-3.4872,-9.1730
-3.4614,-9.2038
-3.4345,-9.2341
-3.4066,-9.2641
-3.3779,-9.2936
-3.3482,-9.3226
-3.3176,-9.3512
-3.2863,-9.3793
-3.2541,-9.4069
-3.2212,-9.4340
-3.1876,-9.4605
-3.1533,-9.4866
-3.1183,-9.5121
-3.0827,-9.5370
-3.0466,-9.5613
-3.0099,-9.5851
-2.9727,-9.6082
-2.9350,-9.6307
-2.8969,-9.6526
-2.8584,-9.6739
-2.8195,-9.6944
-2.7802,-9.7143
-2.7407,-9.7336
-2.7009,-9.7521
-2.6609,-9.7699
-2.6207,-9.7870
-2.5803,-9.8033
-2.5398,-9.8189
-2.4992,-9.8337
-2.4586,-9.8477
-2.4180,-9.8610
-2.3773,-9.8734
-2.3367,-9.8850
-2.2962,-9.8957
-2.2559,-9.9056
-2.2157,-9.9147
-2.1756,-9.9228
-2.1358,-9.9301
-2.0963,-9.9364
-2.0571,-9.9419
-2.0182,-9.9464
-1.9797,-9.9499
-1.9415,-9.9525
-1.9038,-9.9541
-1.8666,-9.9548
-1.8297,-9.9545
-1.7933,-9.9533
-1.7573,-9.9511
-1.7218,-9.9480
-1.6867,-9.9440
-1.6519,-9.9391
-1.6177,-9.9334
-1.5838,-9.9267
-1.5503,-9.9192
-1.5173,-9.9108
-1.4846,-9.9016
-1.4524,-9.8915
-1.4206,-9.8806
-1.3892,-9.8689
-1.3582,-9.8564
-1.3276,-9.8431
-1.2974,-9.8290
-1.2676,-9.8141
-1.2382,-9.7985
-1.2092,-9.7822
-1.1806,-9.7650
-1.1523,-9.7472
-1.1245,-9.7286
-1.0971,-9.7093
-1.0700,-9.6894
-1.0434,-9.6687
-1.0171,-9.6474
-0.9912,-9.6254
-0.9656,-9.6027
-0.9405,-9.5794
-0.9157,-9.5554
-0.8913,-9.5308
-0.8673,-9.5056
-0.8436,-9.4798
-0.8203,-9.4535
-0.7974,-9.4265
-0.7749,-9.3989
-0.7527,-9.3708
-0.7308,-9.3422
-0.7094,-9.3130
-0.6883,-9.2832
-0.6675,-9.2530
-0.6471,-9.2222
-0.6270,-9.1909
-0.6073,-9.1592
-0.5880,-9.1269
-0.5690,-9.0942
-0.5503,-9.0611
-0.5320,-9.0275
-0.5140,-8.9934
-0.4964,-8.9589
-0.4791,-8.9241
-0.4621,-8.8888
-0.4455,-8.8531
-0.4292,-8.8170
-0.4132,-8.7806
-0.3976,-8.7438
-0.3823,-8.7066
-0.3673,-8.6691
-0.3526,-8.6313
-0.3383,-8.5931
-0.3243,-8.5546
-0.3106,-8.5159
-0.2972,-8.4768
-0.2841,-8.4375
-0.2714,-8.3979
-0.2589,-8.3580
-0.2468,-8.3179
-0.2349,-8.2776
-0.2234,-8.2370
-0.2122,-8.1962
-0.2013,-8.1552
-0.1906,-8.1140
-0.1803,-8.0726
-0.1703,-8.0311
-0.1606,-7.9894
-0.1511,-7.9475
-0.1420,-7.9055
-0.1331,-7.8634
-0.1245,-7.8211
-0.1162,-7.7787
-0.1082,-7.7363
-0.1005,-7.6937
-0.0931,-7.6511
-0.0859,-7.6084
-0.0790,-7.5656
-0.0724,-7.5228
-0.0660,-7.4799
-0.0600,-7.4370
-0.0542,-7.3941
-0.0486,-7.3512
-0.0434,-7.3083
-0.0384,-7.2655
-0.0336,-7.2226
-0.0291,-7.1798
-0.0249,-7.1370
-0.0209,-7.0943
-0.0172,-7.0516
-0.0138,-7.0091
-0.0106,-6.9666
-0.0076,-6.9242
-0.0049,-6.8819
-0.0024,-6.8398
-0.0002,-6.7977
0.0018,-6.7558
0.0036,-6.7141
0.0051,-6.6724
0.0064,-6.6309
0.0074,-6.5895
0.0083,-6.5483
0.0090,-6.5071
0.0094,-6.4660
0.0096,-6.4251
0.0097,-6.3843
0.0095,-6.3435
0.0092,-6.3029
0.0087,-6.2623
0.0080,-6.2219
0.0072,-6.1815
0.0061,-6.1413
0.0050,-6.1011
0.0036,-6.0610
0.0021,-6.0209
0.0005,-5.9810
-0.0013,-5.9411
-0.0032,-5.9012
-0.0052,-5.8615
-0.0074,-5.8218
-0.0097,-5.7822
-0.0121,-5.7426
-0.0146,-5.7030
-0.0172,-5.6636
-0.0200,-5.6241
-0.0228,-5.5847
-0.0257,-5.5454
-0.0287,-5.5061
-0.0318,-5.4668
-0.0349,-5.4275
-0.0382,-5.3883
-0.0415,-5.3491
-0.0448,-5.3099
-0.0483,-5.2707
-0.0517,-5.2316
-0.0552,-5.1925
-0.0588,-5.1533
-0.0624,-5.1142
-0.0660,-5.0751
-0.0697,-5.0360
-0.0734,-4.9968
-0.0771,-4.9577
-0.0808,-4.9186
-0.0845,-4.8794
-0.0882,-4.8402
-0.0919,-4.8010
-0.0956,-4.7618
-0.0993,-4.7226
-0.1030,-4.6833
-0.1067,-4.6440
-0.1103,-4.6047
-0.1139,-4.5653
-0.1175,-4.5259
-0.1210,-4.4864
-0.1244,-4.4469
-0.1279,-4.4074
-0.1312,-4.3678
-0.1345,-4.3281
-0.1378,-4.2884
-0.1409,-4.2486
-0.1440,-4.2088
-0.1470,-4.1688
-0.1500,-4.1288
-0.1528,-4.0888
-0.1555,-4.0486
-0.1582,-4.0084
-0.1607,-3.9681
-0.1631,-3.9277
-0.1654,-3.8872
-0.1676,-3.8466
-0.1696,-3.8059
-0.1715,-3.7652
-0.1733,-3.7243
-0.1750,-3.6833
-0.1765,-3.6422
-0.1778,-3.6010
-0.1790,-3.5596
-0.1800,-3.5182
-0.1809,-3.4766
-0.1816,-3.4349
-0.1821,-3.3931
-0.1825,-3.3512
-0.1826,-3.3091
-0.1826,-3.2669
-0.1824,-3.2245
-0.1819,-3.1820
-0.1813,-3.1394
-0.1805,-3.0966
-0.1794,-3.0536
-0.1781,-3.0105
-0.1766,-2.9672
-0.1749,-2.9238
-0.1729,-2.8802
-0.1707,-2.8365
-0.1684,-2.7926
-0.1658,-2.7485
-0.1630,-2.7044
-0.1600,-2.6600
-0.1569,-2.6156
-0.1536,-2.5710
-0.1501,-2.5264
-0.1465,-2.4816
-0.1428,-2.4366
-0.1389,-2.3916
-0.1349,-2.3465
-0.1307,-2.3013
-0.1265,-2.2560
-0.1222,-2.2106
-0.1177,-2.1652
-0.1132,-2.1196
-0.1086,-2.0740
-0.1040,-2.0283
-0.0992,-1.9826
-0.0945,-1.9368
-0.0897,-1.8910
-0.0848,-1.8451
-0.0800,-1.7992
-0.0751,-1.7532
-0.0702,-1.7072
-0.0653,-1.6612
-0.0604,-1.6151
-0.0555,-1.5691
-0.0506,-1.5230
-0.0458,-1.4769
-0.0410,-1.4309
-0.0363,-1.3848
-0.0316,-1.3387
-0.0270,-1.2927
-0.0225,-1.2466
-0.0180,-1.2006
-0.0137,-1.1547
-0.0094,-1.1087
-0.0053,-1.0628
-0.0012,-1.0169
0.0027,-0.9711
0.0065,-0.9254
0.0101,-0.8797
0.0136,-0.8340
0.0170,-0.7884
0.0201,-0.7429
0.0232,-0.6975
0.0260,-0.6522
0.0286,-0.6069
0.0310,-0.5618
0.0333,-0.5167
0.0353,-0.4718
0.0371,-0.4269
0.0386,-0.3822
0.0399,-0.3375
0.0410,-0.2930
0.0418,-0.2487
0.0424,-0.2044
0.0426,-0.1603
0.0426,-0.1164
0.0423,-0.0726
0.0418,-0.0289
0.0409,0.0146
0.0396,0.0580
0.0381,0.1011
0.0362,0.1441
0.0340,0.1870
0.0315,0.2296
0.0286,0.2721
0.0253,0.3143
0.0216,0.3564
0.0176,0.3983
0.0132,0.4399
0.0084,0.4814
0.0032,0.5226
-0.0025,0.5637
-0.0085,0.6044
-0.0150,0.6450
-0.0219,0.6853
-0.0293,0.7254
-0.0371,0.7652
-0.0454,0.8048
-0.0542,0.8442
-0.0634,0.8832
-0.0732,0.9220
-0.0834,0.9606
-0.0941,0.9988
-0.1054,1.0368
-0.1172,1.0745
-0.1295,1.1119
-0.1423,1.1490
-0.1556,1.1859
-0.1693,1.2225
-0.1836,1.2588
-0.1983,1.2948
-0.2135,1.3306
-0.2291,1.3662
-0.2451,1.4015
-0.2615,1.4366
-0.2784,1.4714
-0.2956,1.5060
-0.3132,1.5404
-0.3312,1.5745
-0.3496,1.6085
-0.3683,1.6422
-0.3873,1.6757
-0.4066,1.7091
-0.4263,1.7422
-0.4462,1.7751
-0.4665,1.8079
-0.4870,1.8405
-0.5078,1.8729
-0.5288,1.9051
-0.5501,1.9372
-0.5716,1.9691
-0.5933,2.0008
-0.6152,2.0324
-0.6373,2.0639
-0.6596,2.0952
-0.6821,2.1263
-0.7047,2.1574
-0.7274,2.1883
-0.7504,2.2191
-0.7734,2.2498
-0.7965,2.2804
-0.8198,2.3108
-0.8431,2.3412
-0.8665,2.3715
-0.8900,2.4017
-0.9135,2.4318
-0.9371,2.4618
-0.9607,2.4917
-0.9843,2.5216
-1.0079,2.5514
-1.0315,2.5811
-1.0551,2.6108
-1.0787,2.6405
-1.1022,2.6701
-1.1257,2.6996
-1.1491,2.7291
-1.1725,2.7586
-1.1957,2.7881
-1.2189,2.8175
-1.2419,2.8469
-1.2649,2.8762
-1.2877,2.9054
-1.3104,2.9345
-1.3329,2.9635
-1.3553,2.9922
-1.3776,3.0208
-1.3996,3.0492
-1.4215,3.0773
-1.4432,3.1051
-1.4647,3.1326
-1.4861,3.1598
-1.5072,3.1867
-1.5280,3.2132
-1.5487,3.2393
-1.5691,3.2650
-1.5893,3.2902
-1.6092,3.3150
-1.6289,3.3392
-1.6483,3.3629
-1.6674,3.3861
-1.6862,3.4088
-1.7047,3.4308
-1.7229,3.4522
-1.7408,3.4729
-1.7584,3.4930
-1.7756,3.5124
-1.7925,3.5311
-1.8091,3.5490
-1.8253,3.5661
-1.8411,3.5825
-1.8566,3.5980
-1.8717,3.6127
-1.8863,3.6265
-1.9006,3.6394
-1.9145,3.6514
-1.9279,3.6624
-1.9410,3.6725
-1.9535,3.6816
-1.9657,3.6896
-1.9774,3.6966
-1.9886,3.7026
-1.9993,3.7074
-2.0096,3.7111
-2.0194,3.7137
